Product,Profit
Macbook Pro Laptop,5398792.0
iPhone,3221981.0
ThinkPad Laptop,2771072.2890000003
Google Phone,2232264.0
27in 4K Gaming Monitor,1642435.0852000003
